
<xl4_pkg_update_install> 
    <version>0.1</version>  
    <ECU_ID>0x59</ECU_ID>  
    <ECU_transfer_service>SID34</ECU_transfer_service>  
    <ECU_diag_phy_req>0x757</ECU_diag_phy_req>  
    <ECU_diag_resp>0x75F</ECU_diag_resp>  
    <target_version>ccc</target_version>  
    <security_mask>0xA048D307</security_mask>  
    <support_request_status> 
        <installation>false</installation> 
    </support_request_status>  
    <image index="1"> 
        <format>bin</format>  
        <type>app</type>  
        <filename>3610330-DB01V0104.bin</filename>  
        <checksum alg="CRC-16"/>  
        <block index="1">
            <start_address>0x100000</start_address>
            <size>0x800</size>
        </block>
        <block index="2">
            <start_address>0xfe0000</start_address>
            <size>0x1c000</size>
        </block>
    </image> 
</xl4_pkg_update_install>
