
<xl4_pkg_update_install> 
    <version>0.1</version>  
    <ECU_ID>0x74</ECU_ID>  
    <ECU_transfer_service>SID34</ECU_transfer_service>  
    <ECU_diag_phy_req>0x722</ECU_diag_phy_req>  
    <ECU_diag_resp>0x72A</ECU_diag_resp>  
    <target_version>10.7</target_version>  
    <security_mask>0x7F13D8FC</security_mask>  
    <support_request_status> 
        <installation>false</installation> 
    </support_request_status>  
    <image index="1"> 
        <format>bin</format>  
        <type>flashdriver</type>  
        <filename>ifc.flashdriver</filename>  
        <checksum alg="CRC-32"></checksum> 
    </image>  
    <image index="2"> 
        <format>bin</format>  
        <type>app</type>  
        <filename>ifc.app</filename>  
        <checksum alg="CRC-32"></checksum> 
    </image>  
    <image index="3"> 
        <format>bin</format>  
        <type>app</type>  
        <filename>ifc.cal</filename>  
        <checksum alg="CRC-32"></checksum> 
    </image> 
</xl4_pkg_update_install>
