
<xl4_pkg_update_install> 
    <version>0.1</version>  
    <ECU_ID>0xF0</ECU_ID>  
    <ECU_transfer_service>SID34</ECU_transfer_service>  
    <ECU_diag_phy_req>0x707</ECU_diag_phy_req>  
    <ECU_diag_resp>0x70F</ECU_diag_resp>  
    <target_version>fanlingling</target_version>  
    <security_mask>0xF253CC9D</security_mask>  
    <support_request_status> 
        <installation>false</installation> 
    </support_request_status>  
    <image index="1"> 
        <format>bin</format>  
        <type>flashdriver</type>  
        <filename>ALU_FLASH.bin</filename>  
        <checksum alg="CRC-32">0xADCE44C1</checksum> 
    </image>  
    <image index="2"> 
        <format>bin</format>  
        <type>app</type>  
        <filename>ALU_APP_P.bin</filename>  
        <checksum alg="CRC-32">0x3BF49B1D</checksum> 
    </image>  
    <image index="3"> 
        <format>bin</format>  
        <type>app</type>  
        <filename>ALU_APP_D.bin</filename>  
        <checksum alg="CRC-32">0xE071F4CA</checksum> 
    </image> 
</xl4_pkg_update_install>
