
<xl4_pkg_update_install> 
    <version>0.1</version>  
    <ECU_ID>0x74</ECU_ID>  
    <ECU_transfer_service>SID34</ECU_transfer_service>  
    <ECU_diag_phy_req>0x722</ECU_diag_phy_req>  
    <ECU_diag_resp>0x72A</ECU_diag_resp>  
    <target_version>10.7</target_version>  
    <security_mask>0x7F13D8FC</security_mask>  
    <support_request_status> 
        <installation>false</installation> 
    </support_request_status>  
    <image index="1"> 
        <format>bin</format>  
        <type>flashdriver</type>  
        <filename>FlashDriver.bin</filename>  
        <checksum alg="CRC-32"/>  
        <block index="1"> 
            <start_address>0xd0025000</start_address>  
            <size>0x3a2</size> 
        </block> 
    </image>  
    <image index="2"> 
        <format>bin</format>  
        <type>app</type>  
        <filename>FAW_internal_FLASH.bin</filename>  
        <checksum alg="CRC-32"/>  
        <block index="1"> 
            <start_address>0x80060020</start_address>  
            <size>0x11ffe0</size> 
        </block> 
    </image>  
    <image index="3"> 
        <format>bin</format>  
        <type>app</type>  
        <filename>H7_Cal.bin</filename>  
        <checksum alg="CRC-32"/>  
        <block index="1">
            <start_address>0x8001c020</start_address>
            <size>0x3fe0</size>
        </block>
    </image> 
</xl4_pkg_update_install>
