
<xl4_pkg_update_install> 
    <version>0.1</version>  
    <ECU_ID>0x62</ECU_ID>  
    <ECU_transfer_service>SID34</ECU_transfer_service>  
    <ECU_diag_phy_req>0x772</ECU_diag_phy_req>  
    <ECU_diag_resp>0x77A</ECU_diag_resp>  
    <target_version>sdfs</target_version>  
    <security_mask>0xB7C0F952</security_mask>  
    <support_request_status> 
        <installation>false</installation> 
    </support_request_status>  
    <image index="1"> 
        <format>bin</format>  
        <type>app</type>  
        <filename>AMP_APP.bin</filename>  
        <checksum alg="CRC-16">a</checksum>  
        <block index="1">
            <start_address>0x64000</start_address>
            <size>0x220000</size>
        </block>
    </image> 
</xl4_pkg_update_install>
